date,num
2021/4/1,2595
2021/4/2,2741
2021/4/3,2753
2021/4/4,2451
2021/4/5,1554
2021/4/6,2635
2021/4/7,3456
2021/4/8,3405
2021/4/9,3467
2021/4/10,3630
2021/4/11,2758
2021/4/12,2094
2021/4/13,3444
2021/4/14,4302
2021/4/15,4570
2021/4/16,4519
2021/4/17,4722
2021/4/18,4032
2021/4/19,2893
2021/4/20,4328
2021/4/21,5280
2021/4/22,5452
2021/4/23,5094
2021/4/24,5433
2021/4/25,4434
2021/4/26,3303
2021/4/27,4958
2021/4/28,5788
2021/4/29,5727
2021/4/30,4658
2021/5/1,5813
2021/5/2,5589
2021/5/3,4458
2021/5/4,4072
2021/5/5,3884
2021/5/6,4315
2021/5/7,6032
2021/5/8,6985
2021/5/9,6243
2021/5/10,4925
2021/5/11,6238
